사고부문,사고번호,사고일시,요일,시군구,사고내용,사망자수,중상자수,경상자수,부상신고자수,사고유형,법규위반,노면상태,기상상태,도로형태,가해운전자 차종,가해운전자 성별,가해운전자 연령,가해운전자 상해정도,피해운전자 차종,피해운전자 성별,피해운전자 연령,피해운전자 상해정도
노선버스사고,2020042600100165,2020년 4월 26일 12시,일요일,부산광역시 사상구 모라동,경상사고,0,0,1,0,차량단독 - 기타,안전운전불이행,건조,맑음,단일로 - 기타,승합,남,61세,상해없음,,,,
노선버스사고,2020042800100623,2020년 4월 28일 23시,화요일,부산광역시 남구 대연동,경상사고,0,0,1,0,차대사람 - 기타,안전운전불이행,건조,맑음,단일로 - 기타,승합,남,58세,상해없음,보행자,여,46세,경상
노선버스사고,2020050500100188,2020년 5월 5일 14시,화요일,부산광역시 북구 구포동,중상사고,0,2,0,0,차량단독 - 기타,신호위반,건조,맑음,단일로 - 기타,승합,남,51세,상해없음,,,,
노선버스사고,2020050600100443,2020년 5월 6일 17시,수요일,부산광역시 부산진구 범천동,중상사고,0,1,0,0,차대차 - 기타,기타,건조,맑음,단일로 - 기타,승합,남,57세,상해없음,이륜,남,50세,상해없음
노선버스사고,2020050800100281,2020년 5월 8일 14시,금요일,부산광역시 동래구 사직동,경상사고,0,0,1,0,차량단독 - 기타,기타,건조,맑음,단일로 - 기타,승합,남,58세,상해없음,,,,
노선버스사고,2020050800100564,2020년 5월 8일 20시,금요일,부산광역시 동래구 안락동,부상신고사고,0,0,0,1,차량단독 - 기타,안전운전불이행,건조,맑음,단일로 - 기타,승합,남,40세,상해없음,,,,
노선버스사고,2.02005E+15,2020년 5월 9일 12시,토요일,부산광역시 남구 우암동,경상사고,0,0,1,0,차량단독 - 기타,안전운전불이행,건조,맑음,단일로 - 기타,승합,남,59세,상해없음,,,,
노선버스사고,2.02005E+15,2020년 5월 11일 14시,월요일,부산광역시 사상구 감전동,경상사고,0,0,1,0,차대차 - 측면충돌,안전거리미확보,건조,맑음,단일로 - 기타,승합,남,61세,상해없음,이륜,남,35세,경상
노선버스사고,2020051200100212,2020년 5월 12일 11시,화요일,부산광역시 연제구 거제동,경상사고,0,0,1,0,차량단독 - 기타,안전운전불이행,건조,맑음,단일로 - 기타,승합,남,50세,상해없음,,,,
노선버스사고,2020051300100311,2020년 5월 13일 14시,수요일,부산광역시 동구 수정동,경상사고,0,0,1,0,차대사람 - 기타,안전운전불이행,건조,맑음,단일로 - 기타,승합,남,73세,상해없음,보행자,남,25세,경상
노선버스사고,2020051400100183,2020년 5월 14일 11시,목요일,부산광역시 해운대구 우동,경상사고,0,0,1,0,차대사람 - 기타,안전운전불이행,건조,맑음,단일로 - 기타,승합,남,60세,상해없음,보행자,여,63세,경상
노선버스사고,2020051800100421,2020년 5월 18일 17시,월요일,부산광역시 연제구 거제동,중상사고,0,1,1,0,차량단독 - 기타,기타,건조,맑음,단일로 - 기타,승합,남,37세,상해없음,,,,
노선버스사고,2020051900100112,2020년 5월 19일 09시,화요일,부산광역시 금정구 부곡동,경상사고,0,0,1,0,차량단독 - 기타,안전운전불이행,건조,맑음,교차로 - 교차로안,승합,남,58세,상해없음,,,,
노선버스사고,2020051900100223,2020년 5월 19일 13시,화요일,부산광역시 북구 덕천동,경상사고,0,0,1,0,차대사람 - 기타,안전운전불이행,건조,맑음,기타 - 기타,승합,남,46세,상해없음,보행자,여,36세,경상
노선버스사고,2020052000100304,2020년 5월 20일 13시,수요일,부산광역시 해운대구 좌동,중상사고,0,1,0,0,차량단독 - 기타,안전운전불이행,건조,맑음,교차로 - 교차로안,승합,남,55세,상해없음,,,,
노선버스사고,2020052000100305,2020년 5월 20일 13시,수요일,부산광역시 연제구 연산동,경상사고,0,0,1,0,차량단독 - 기타,안전운전불이행,건조,맑음,교차로 - 교차로부근,승합,남,57세,상해없음,,,,
노선버스사고,2020052000100569,2020년 5월 20일 19시,수요일,부산광역시 영도구 청학동,경상사고,0,0,1,0,차량단독 - 공작물충돌,안전운전불이행,건조,맑음,단일로 - 기타,승합,남,40세,상해없음,,,,
노선버스사고,2020052100100129,2020년 5월 21일 09시,목요일,부산광역시 서구 서대신동2가,중상사고,0,1,0,0,차량단독 - 기타,안전운전불이행,건조,맑음,단일로 - 기타,승합,남,61세,상해없음,,,,
노선버스사고,2020052100100531,2020년 5월 21일 19시,목요일,부산광역시 서구 암남동,부상신고사고,0,0,0,1,차량단독 - 기타,안전운전불이행,건조,맑음,단일로 - 기타,승합,남,48세,상해없음,,,,
노선버스사고,2020052100100604,2020년 5월 21일 22시,목요일,부산광역시 동래구 수안동,중상사고,0,1,0,0,차대사람 - 기타,안전운전불이행,건조,맑음,단일로 - 기타,승합,남,52세,상해없음,보행자,남,47세,중상
노선버스사고,2020052200100436,2020년 5월 22일 17시,금요일,부산광역시 부산진구 가야동,중상사고,0,1,0,0,차량단독 - 기타,안전운전불이행,건조,맑음,단일로 - 기타,승합,남,42세,상해없음,,,,
노선버스사고,2020052300100311,2020년 5월 23일 14시,토요일,부산광역시 남구 대연동,경상사고,0,0,1,0,차량단독 - 기타,안전운전불이행,건조,맑음,단일로 - 기타,승합,남,51세,상해없음,,,,
노선버스사고,2020052300100379,2020년 5월 23일 16시,토요일,부산광역시 동구 수정동,경상사고,0,0,1,0,차량단독 - 기타,기타,건조,맑음,단일로 - 기타,승합,남,45세,상해없음,,,,
노선버스사고,2020052500100219,2020년 5월 25일 12시,월요일,부산광역시 북구 구포동,중상사고,0,1,2,0,차대차 - 측면충돌,차로위반,건조,맑음,단일로 - 기타,승합,남,55세,상해없음,승용,여,37세,경상
노선버스사고,2020052600100154,2020년 5월 26일 10시,화요일,부산광역시 영도구 청학동,경상사고,0,0,2,0,차대차 - 정면충돌,중앙선침범,건조,맑음,단일로 - 기타,승합,남,52세,상해없음,승용,남,65세,경상
노선버스사고,2020052900100237,2020년 5월 29일 11시,금요일,부산광역시 남구 문현동,경상사고,0,0,1,0,차량단독 - 기타,안전운전불이행,건조,맑음,단일로 - 기타,승합,남,57세,상해없음,,,,
노선버스사고,2020052900100241,2020년 5월 29일 11시,금요일,부산광역시 연제구 연산동,경상사고,0,0,1,0,차량단독 - 기타,안전운전불이행,건조,맑음,교차로 - 교차로부근,승합,남,36세,상해없음,,,,
노선버스사고,2020052900100276,2020년 5월 29일 12시,금요일,부산광역시 동래구 안락동,경상사고,0,0,1,0,차량단독 - 기타,안전운전불이행,건조,맑음,단일로 - 기타,승합,남,38세,상해없음,,,,
노선버스사고,2.02005E+15,2020년 5월 30일 09시,토요일,부산광역시 기장군 정관읍,중상사고,0,1,2,0,차량단독 - 기타,안전운전불이행,건조,맑음,단일로 - 기타,승합,남,58세,상해없음,,,,
노선버스사고,2020060100100161,2020년 6월 1일 10시,월요일,부산광역시 북구 덕천동,경상사고,0,0,1,0,차대차 - 기타,안전운전불이행,건조,맑음,단일로 - 기타,승합,남,51세,상해없음,승용,남,22세,경상
노선버스사고,2.02006E+15,2020년 6월 1일 13시,월요일,부산광역시 동래구 온천동,경상사고,0,0,1,0,차량단독 - 기타,안전운전불이행,건조,맑음,교차로 - 교차로안,승합,남,55세,상해없음,,,,
노선버스사고,2020060100100379,2020년 6월 1일 15시,월요일,부산광역시 금정구 노포동,경상사고,0,0,2,0,차대차 - 추돌,차로위반,건조,맑음,단일로 - 기타,승합,남,23세,상해없음,승용,남,42세,경상
노선버스사고,2020060100100693,2020년 6월 1일 22시,월요일,부산광역시 동구 수정동,경상사고,0,0,2,0,차량단독 - 공작물충돌,안전운전불이행,건조,맑음,단일로 - 기타,승합,남,70세,상해없음,,,,
노선버스사고,2020060200100052,2020년 6월 2일 07시,화요일,부산광역시 서구 암남동,중상사고,0,1,0,0,차대차 - 측면충돌,신호위반,건조,맑음,교차로 - 교차로안,승합,남,58세,상해없음,승용,남,56세,중상
노선버스사고,2020060200100322,2020년 6월 2일 14시,화요일,부산광역시 북구 화명동,경상사고,0,0,1,0,차량단독 - 기타,기타,건조,맑음,기타 - 기타,승합,남,39세,상해없음,,,,
노선버스사고,2020060200100537,2020년 6월 2일 20시,화요일,부산광역시 북구 덕천동,부상신고사고,0,0,0,1,차량단독 - 기타,안전운전불이행,건조,맑음,단일로 - 기타,승합,남,53세,상해없음,,,,
노선버스사고,2020060500100195,2020년 6월 5일 11시,금요일,부산광역시 남구 감만동,중상사고,0,1,0,0,차량단독 - 기타,안전운전불이행,건조,맑음,단일로 - 기타,승합,남,60세,상해없음,,,,
노선버스사고,2020060800100269,2020년 6월 8일 12시,월요일,부산광역시 영도구 남항동2가,중상사고,0,2,0,0,차대사람 - 횡단중,보행자보호의무위반,건조,맑음,단일로 - 기타,승합,남,59세,상해없음,보행자,여,79세,중상
노선버스사고,2020060900100339,2020년 6월 9일 14시,화요일,부산광역시 부산진구 양정동,중상사고,0,1,0,0,차대차 - 기타,신호위반,건조,맑음,교차로 - 교차로안,승합,남,32세,상해없음,이륜,남,61세,중상
노선버스사고,2.02006E+15,2020년 6월 9일 14시,화요일,부산광역시 사하구 당리동,중상사고,0,1,0,0,차량단독 - 공작물충돌,안전운전불이행,건조,맑음,단일로 - 기타,승합,남,43세,중상,,,,
노선버스사고,2.02006E+15,2020년 6월 9일 18시,화요일,부산광역시 부산진구 가야동,경상사고,0,0,2,0,차량단독 - 기타,안전운전불이행,건조,맑음,단일로 - 기타,승합,남,48세,상해없음,,,,
노선버스사고,2020060900100589,2020년 6월 9일 19시,화요일,부산광역시 동구 좌천동,중상사고,0,1,0,0,차량단독 - 기타,안전운전불이행,건조,맑음,단일로 - 기타,승합,남,70세,상해없음,,,,
노선버스사고,2020061000100316,2020년 6월 10일 14시,수요일,부산광역시 사하구 구평동,중상사고,0,1,0,0,차량단독 - 기타,안전운전불이행,건조,맑음,단일로 - 기타,승합,남,54세,상해없음,,,,
노선버스사고,2020061000100554,2020년 6월 10일 19시,수요일,부산광역시 남구 대연동,경상사고,0,0,1,0,차대차 - 측면충돌,신호위반,건조,맑음,단일로 - 기타,승합,남,27세,상해없음,자전거,남,13세,경상
노선버스사고,2020061200100497,2020년 6월 12일 18시,금요일,부산광역시 북구 구포동,중상사고,0,1,0,0,차량단독 - 기타,기타,건조,맑음,단일로 - 기타,승합,남,53세,상해없음,,,,
노선버스사고,2020061600100444,2020년 6월 16일 17시,화요일,부산광역시 부산진구 범천동,경상사고,0,0,1,0,차량단독 - 기타,기타,건조,맑음,단일로 - 기타,승합,남,58세,상해없음,,,,
노선버스사고,2020061800100276,2020년 6월 18일 12시,목요일,부산광역시 남구 대연동,중상사고,0,1,0,0,차량단독 - 기타,기타,건조,맑음,단일로 - 기타,승합,남,51세,상해없음,,,,
노선버스사고,2020062000100242,2020년 6월 20일 12시,토요일,부산광역시 해운대구 우동,중상사고,0,1,0,0,차대사람 - 기타,기타,건조,맑음,단일로 - 기타,승합,남,42세,상해없음,보행자,여,62세,중상
노선버스사고,2020062100100316,2020년 6월 21일 16시,일요일,부산광역시 금정구 부곡동,중상사고,0,1,0,0,차량단독 - 기타,안전운전불이행,건조,맑음,단일로 - 기타,승합,남,62세,상해없음,,,,
노선버스사고,2020062100100464,2020년 6월 21일 21시,일요일,부산광역시 수영구 망미동,사망사고,1,0,0,0,차대사람 - 횡단중,안전운전불이행,건조,맑음,교차로 - 교차로부근,승합,남,44세,상해없음,보행자,여,76세,사망
노선버스사고,2020062300100404,2020년 6월 23일 16시,화요일,부산광역시 동구 초량동,경상사고,0,0,1,0,차량단독 - 기타,안전운전불이행,건조,맑음,단일로 - 기타,승합,남,62세,상해없음,,,,
노선버스사고,2020062500100394,2020년 6월 25일 17시,목요일,부산광역시 동구 좌천동,경상사고,0,0,1,0,차대차 - 기타,안전운전불이행,젖음/습기,비,단일로 - 기타,승합,남,58세,상해없음,이륜,남,56세,경상
노선버스사고,2020062600100116,2020년 6월 26일 08시,금요일,부산광역시 금정구 구서동,중상사고,0,1,0,0,차량단독 - 기타,교차로운행방법위반,건조,맑음,단일로 - 기타,승합,남,41세,기타불명,,,,
노선버스사고,2020062700100336,2020년 6월 27일 15시,토요일,부산광역시 수영구 수영동,경상사고,0,0,1,0,차대사람 - 기타,안전운전불이행,건조,맑음,단일로 - 기타,승합,남,59세,상해없음,보행자,남,47세,경상
노선버스사고,2.02006E+15,2020년 6월 30일 08시,화요일,부산광역시 동래구 수안동,중상사고,0,1,0,0,차대사람 - 횡단중,보행자보호의무위반,건조,맑음,교차로 - 교차로부근,승합,남,70세,상해없음,보행자,남,59세,중상
노선버스사고,2020063000100314,2020년 6월 30일 15시,화요일,부산광역시 강서구 대저2동,경상사고,0,0,1,0,차대차 - 정면충돌,신호위반,건조,맑음,단일로 - 기타,승합,남,68세,상해없음,자전거,남,40세,경상
노선버스사고,2020070200100263,2020년 7월 2일 13시,목요일,부산광역시 금정구 장전동,중상사고,0,1,0,0,차대차 - 기타,안전거리미확보,건조,맑음,단일로 - 기타,승합,남,51세,상해없음,이륜,남,42세,중상
노선버스사고,2020070300100468,2020년 7월 3일 18시,금요일,부산광역시 동구 수정동,중상사고,0,1,0,0,차량단독 - 기타,안전운전불이행,건조,맑음,단일로 - 기타,승합,남,62세,상해없음,,,,
노선버스사고,2020070400100129,2020년 7월 4일 07시,토요일,부산광역시 강서구 미음동,경상사고,0,0,1,0,차량단독 - 기타,안전운전불이행,건조,맑음,단일로 - 교량,승합,남,60세,상해없음,,,,
노선버스사고,2020070400100293,2020년 7월 4일 13시,토요일,부산광역시 사상구 엄궁동,중상사고,0,1,0,0,차량단독 - 기타,안전운전불이행,건조,맑음,단일로 - 기타,승합,남,40세,상해없음,,,,
노선버스사고,2.02007E+15,2020년 7월 4일 16시,토요일,부산광역시 부산진구 부전동,경상사고,0,0,2,0,차대차 - 측면충돌,안전운전불이행,건조,맑음,단일로 - 기타,승합,남,60세,상해없음,승용,여,66세,경상
노선버스사고,2020070600100396,2020년 7월 6일 17시,월요일,부산광역시 서구 동대신동3가,경상사고,0,0,1,0,차대차 - 측면충돌,직진우회전진행방해,건조,맑음,교차로 - 교차로부근,승합,남,60세,상해없음,승용,남,77세,경상
노선버스사고,2020070900100208,2020년 7월 9일 11시,목요일,부산광역시 강서구 명지동,경상사고,0,0,2,0,차대차 - 측면충돌,안전거리미확보,건조,맑음,단일로 - 기타,승합,남,61세,상해없음,승용,남,65세,경상
노선버스사고,2020071000100484,2020년 7월 10일 18시,금요일,부산광역시 동래구 수안동,경상사고,0,0,1,0,차량단독 - 기타,기타,건조,맑음,단일로 - 기타,승합,남,59세,상해없음,,,,
노선버스사고,2020071200100481,2020년 7월 12일 22시,일요일,부산광역시 기장군 정관읍,중상사고,0,1,0,0,차대사람 - 횡단중,안전운전불이행,젖음/습기,비,교차로 - 교차로부근,승합,남,48세,상해없음,보행자,남,38세,중상
노선버스사고,2020071300100293,2020년 7월 13일 14시,월요일,부산광역시 부산진구 범천동,부상신고사고,0,0,0,1,차량단독 - 기타,안전운전불이행,건조,맑음,단일로 - 기타,승합,남,40세,상해없음,,,,
노선버스사고,2020071300100462,2020년 7월 13일 19시,월요일,부산광역시 사하구 괴정동,중상사고,0,1,0,0,차량단독 - 기타,안전운전불이행,건조,맑음,단일로 - 기타,승합,남,49세,상해없음,,,,
노선버스사고,2020071400100428,2020년 7월 14일 17시,화요일,부산광역시 사하구 하단동,경상사고,0,0,2,0,차대차 - 기타,안전운전불이행,건조,맑음,기타 - 기타,승합,남,39세,상해없음,승용,남,23세,경상
노선버스사고,2020071400100537,2020년 7월 14일 20시,화요일,부산광역시 해운대구 재송동,경상사고,0,0,3,0,차대차 - 추돌,안전거리미확보,건조,맑음,단일로 - 기타,승합,남,59세,상해없음,승용,남,51세,경상
노선버스사고,2020071500100162,2020년 7월 15일 10시,수요일,부산광역시 동구 초량동,중상사고,0,1,7,1,차대차 - 기타,안전거리미확보,건조,맑음,단일로 - 기타,승합,남,35세,상해없음,승합,남,43세,부상신고
노선버스사고,2020071500100453,2020년 7월 15일 18시,수요일,부산광역시 강서구 신호동,경상사고,0,0,1,0,차대차 - 측면충돌,안전운전불이행,건조,맑음,교차로 - 교차로부근,승합,남,30세,상해없음,승용,남,35세,경상
노선버스사고,2020071600100095,2020년 7월 16일 08시,목요일,부산광역시 중구 중앙동4가,경상사고,0,0,1,0,차대사람 - 길가장자리구역통행중,안전운전불이행,건조,맑음,단일로 - 기타,승합,남,40세,상해없음,보행자,여,55세,경상
노선버스사고,2020071600100209,2020년 7월 16일 11시,목요일,부산광역시 동구 초량동,중상사고,0,1,0,0,차량단독 - 기타,안전운전불이행,건조,맑음,단일로 - 기타,승합,남,60세,상해없음,,,,
노선버스사고,2020071700100181,2020년 7월 17일 11시,금요일,부산광역시 서구 아미동1가,중상사고,0,1,0,0,차량단독 - 기타,안전운전불이행,건조,맑음,단일로 - 기타,승합,남,48세,상해없음,,,,
노선버스사고,2020072000100273,2020년 7월 20일 14시,월요일,부산광역시 수영구 광안동,경상사고,0,0,1,0,차대차 - 기타,차로위반,건조,맑음,기타 - 기타,승합,남,50세,상해없음,화물,남,38세,경상
노선버스사고,2020072100100084,2020년 7월 21일 07시,화요일,부산광역시 사상구 모라동,경상사고,0,0,5,2,차대차 - 측면충돌,안전운전불이행,건조,맑음,단일로 - 기타,승합,남,63세,상해없음,화물,남,48세,경상
노선버스사고,2.02007E+15,2020년 7월 21일 08시,화요일,부산광역시 해운대구 우동,중상사고,0,1,0,0,차량단독 - 기타,안전운전불이행,건조,맑음,단일로 - 기타,승합,남,47세,상해없음,,,,
노선버스사고,2.02007E+15,2020년 7월 21일 09시,화요일,부산광역시 서구 부민동3가,중상사고,0,1,0,0,차량단독 - 기타,안전운전불이행,건조,맑음,교차로 - 교차로부근,승합,남,38세,상해없음,,,,
노선버스사고,2020072100100505,2020년 7월 21일 19시,화요일,부산광역시 동래구 안락동,부상신고사고,0,0,0,1,차대사람 - 기타,안전운전불이행,젖음/습기,맑음,단일로 - 지하차도(도로)내,승합,남,42세,상해없음,보행자,여,20세,부상신고
노선버스사고,2020072200100295,2020년 7월 22일 13시,수요일,부산광역시 연제구 거제동,경상사고,0,0,1,0,차대차 - 추돌,안전운전불이행,건조,맑음,단일로 - 기타,승합,남,53세,상해없음,승용,남,28세,경상
노선버스사고,2020072200100564,2020년 7월 22일 20시,수요일,부산광역시 남구 대연동,경상사고,0,0,1,0,차대차 - 기타,기타,젖음/습기,비,교차로 - 교차로부근,승합,남,39세,상해없음,승용,여,62세,상해없음
노선버스사고,2020072300100242,2020년 7월 23일 13시,목요일,부산광역시 동래구 사직동,경상사고,0,0,1,0,차량단독 - 기타,기타,젖음/습기,비,단일로 - 기타,승합,남,47세,상해없음,,,,
노선버스사고,2020072500100525,2020년 7월 25일 20시,토요일,부산광역시 서구 서대신동1가,경상사고,0,0,1,0,차량단독 - 기타,기타,젖음/습기,흐림,단일로 - 기타,승합,남,55세,상해없음,,,,
노선버스사고,2020072500100597,2020년 7월 25일 22시,토요일,부산광역시 동구 초량동,중상사고,0,3,9,2,차대차 - 기타,안전거리미확보,건조,맑음,기타 - 기타,승합,남,58세,상해없음,승합,남,61세,상해없음
노선버스사고,2020072700100235,2020년 7월 27일 12시,월요일,부산광역시 부산진구 부전동,중상사고,0,1,0,0,차대사람 - 기타,안전운전불이행,건조,맑음,단일로 - 기타,승합,남,39세,상해없음,보행자,여,70세,중상
노선버스사고,2020072800100341,2020년 7월 28일 17시,화요일,부산광역시 동래구 사직동,중상사고,0,1,0,0,차량단독 - 기타,안전운전불이행,건조,맑음,단일로 - 기타,승합,남,60세,상해없음,,,,
노선버스사고,2020080300100294,2020년 8월 3일 14시,월요일,부산광역시 해운대구 반여동,부상신고사고,0,0,0,1,차량단독 - 기타,안전운전불이행,건조,맑음,단일로 - 기타,승합,남,49세,상해없음,,,,
노선버스사고,2020080400100108,2020년 8월 4일 09시,화요일,부산광역시 사상구 감전동,경상사고,0,0,1,0,차대차 - 기타,기타,건조,맑음,단일로 - 기타,승합,남,42세,상해없음,승용,남,25세,상해없음
노선버스사고,2020081000100042,2020년 8월 10일 07시,월요일,부산광역시 사하구 신평동,경상사고,0,0,1,0,차대차 - 기타,신호위반,건조,맑음,교차로 - 교차로부근,승합,남,54세,상해없음,승용,여,54세,경상
노선버스사고,2020081000100064,2020년 8월 10일 08시,월요일,부산광역시 기장군 장안읍,경상사고,0,0,3,1,차대차 - 측면충돌,교차로운행방법위반,건조,맑음,교차로 - 교차로안,승합,남,42세,경상,건설기계,남,57세,경상
노선버스사고,2020081100100422,2020년 8월 11일 17시,화요일,부산광역시 사상구 학장동,경상사고,0,0,1,0,차량단독 - 기타,기타,건조,맑음,단일로 - 지하차도(도로)내,승합,남,40세,상해없음,,,,
노선버스사고,2020081200100371,2020년 8월 12일 16시,수요일,부산광역시 금정구 부곡동,경상사고,0,0,1,0,차량단독 - 기타,안전운전불이행,건조,맑음,단일로 - 기타,승합,남,47세,상해없음,,,,
노선버스사고,2020081300100366,2020년 8월 13일 16시,목요일,부산광역시 사상구 감전동,중상사고,0,1,0,0,차량단독 - 기타,안전운전불이행,건조,맑음,단일로 - 기타,승합,남,52세,상해없음,,,,
노선버스사고,2020081300100583,2020년 8월 13일 22시,목요일,부산광역시 서구 동대신동3가,사망사고,1,0,0,0,차대사람 - 횡단중,안전운전불이행,건조,맑음,교차로 - 교차로안,승합,남,50세,상해없음,보행자,여,57세,사망
노선버스사고,2020081400100372,2020년 8월 14일 15시,금요일,부산광역시 해운대구 우동,중상사고,0,1,0,0,차대차 - 측면충돌,안전거리미확보,건조,맑음,교차로 - 교차로안,승합,남,48세,상해없음,자전거,남,45세,중상
노선버스사고,2020081400100551,2020년 8월 14일 19시,금요일,부산광역시 동구 초량동,경상사고,0,0,1,0,차대사람 - 기타,안전운전불이행,건조,맑음,단일로 - 기타,승합,남,44세,상해없음,보행자,여,30세,경상
노선버스사고,2020081500100155,2020년 8월 15일 10시,토요일,부산광역시 부산진구 부전동,중상사고,0,1,0,0,차대사람 - 기타,기타,건조,맑음,단일로 - 기타,승합,남,62세,상해없음,보행자,여,84세,중상
노선버스사고,2020081600100004,2020년 8월 16일 00시,일요일,부산광역시 수영구 망미동,중상사고,0,1,0,0,차대사람 - 횡단중,안전운전불이행,건조,맑음,단일로 - 기타,승합,남,51세,상해없음,보행자,남,53세,중상
노선버스사고,2.02008E+15,2020년 8월 16일 10시,일요일,부산광역시 해운대구 반여동,경상사고,0,0,1,0,차대사람 - 횡단중,보행자보호의무위반,건조,맑음,교차로 - 교차로횡단보도내,승합,남,49세,상해없음,보행자,남,61세,경상
노선버스사고,2020081700100294,2020년 8월 17일 15시,월요일,부산광역시 중구 남포동4가,경상사고,0,0,3,0,차대차 - 측면충돌,차로위반,건조,맑음,단일로 - 기타,승합,남,60세,상해없음,승용,남,64세,경상
노선버스사고,2020081800100447,2020년 8월 18일 17시,화요일,부산광역시 해운대구 재송동,중상사고,0,1,0,0,차대차 - 측면충돌,신호위반,건조,맑음,교차로 - 교차로안,승합,남,52세,상해없음,이륜,남,61세,중상
노선버스사고,2020082000100126,2020년 8월 20일 09시,목요일,부산광역시 영도구 대교동1가,중상사고,0,1,0,0,차량단독 - 기타,안전운전불이행,건조,맑음,단일로 - 기타,승합,남,54세,상해없음,,,,
노선버스사고,2020082000100583,2020년 8월 20일 21시,목요일,부산광역시 해운대구 중동,경상사고,0,0,1,0,차량단독 - 기타,안전운전불이행,건조,맑음,단일로 - 기타,승합,남,50세,상해없음,,,,
노선버스사고,2020082100100387,2020년 8월 21일 17시,금요일,부산광역시 동래구 온천동,경상사고,0,0,1,0,차대사람 - 기타,안전운전불이행,건조,맑음,단일로 - 기타,승합,남,50세,상해없음,보행자,여,52세,경상
노선버스사고,2020082100100466,2020년 8월 21일 19시,금요일,부산광역시 동래구 온천동,중상사고,0,1,2,0,차대차 - 추돌,안전운전불이행,건조,맑음,교차로 - 교차로부근,승합,남,46세,상해없음,승용,남,52세,경상
노선버스사고,2020082200100087,2020년 8월 22일 07시,토요일,부산광역시 영도구 청학동,중상사고,0,1,0,0,차대사람 - 길가장자리구역통행중,안전운전불이행,건조,맑음,교차로 - 교차로부근,승합,남,60세,상해없음,보행자,여,70세,중상
노선버스사고,2020082300100168,2020년 8월 23일 13시,일요일,부산광역시 동래구 안락동,경상사고,0,0,1,0,차대사람 - 기타,보행자보호의무위반,건조,맑음,단일로 - 기타,승합,남,60세,상해없음,보행자,남,68세,경상
노선버스사고,2.02008E+15,2020년 8월 24일 19시,월요일,부산광역시 북구 만덕동,경상사고,0,0,4,0,차대차 - 기타,안전거리미확보,건조,맑음,단일로 - 기타,승합,남,60세,상해없음,승용,여,54세,경상
노선버스사고,2020082400100532,2020년 8월 24일 19시,월요일,부산광역시 기장군 기장읍,중상사고,0,1,0,0,차대사람 - 기타,기타,건조,맑음,단일로 - 기타,승합,남,59세,상해없음,보행자,여,64세,중상
노선버스사고,2020082500100658,2020년 8월 25일 23시,화요일,부산광역시 남구 대연동,중상사고,0,1,0,0,차대사람 - 기타,안전운전불이행,건조,맑음,교차로 - 교차로안,승합,남,45세,상해없음,보행자,여,22세,중상
노선버스사고,2020082700100298,2020년 8월 27일 15시,목요일,부산광역시 서구 동대신동1가,경상사고,0,0,1,0,차량단독 - 기타,안전운전불이행,건조,맑음,단일로 - 기타,승합,남,55세,상해없음,,,,
노선버스사고,2.02008E+15,2020년 8월 27일 15시,목요일,부산광역시 부산진구 부전동,중상사고,0,1,0,0,차대사람 - 기타,안전운전불이행,건조,맑음,단일로 - 기타,승합,남,57세,상해없음,보행자,남,18세,중상
노선버스사고,2020082800100073,2020년 8월 28일 07시,금요일,부산광역시 사상구 괘법동,경상사고,0,0,1,0,차량단독 - 기타,안전운전불이행,기타,맑음,기타 - 기타,승합,남,59세,상해없음,,,,
노선버스사고,2020082900100095,2020년 8월 29일 07시,토요일,부산광역시 동래구 안락동,경상사고,0,0,1,0,차대차 - 기타,안전거리미확보,건조,맑음,단일로 - 기타,승합,남,50세,상해없음,승용,여,70세,상해없음
노선버스사고,2020083100100304,2020년 8월 31일 15시,월요일,부산광역시 해운대구 중동,중상사고,0,1,0,0,차대사람 - 기타,안전운전불이행,건조,맑음,단일로 - 기타,승합,남,53세,상해없음,보행자,남,16세,중상
노선버스사고,2020083100100454,2020년 8월 31일 19시,월요일,부산광역시 서구 동대신동2가,경상사고,0,0,1,0,차량단독 - 기타,기타,건조,맑음,단일로 - 기타,승합,남,57세,상해없음,,,,
노선버스사고,2.02009E+15,2020년 9월 2일 06시,수요일,부산광역시 부산진구 초읍동,부상신고사고,0,0,0,1,차대사람 - 기타,안전운전불이행,건조,맑음,단일로 - 기타,승합,남,40세,상해없음,보행자,남,16세,부상신고