사고부문,사고번호,사고일시,요일,시군구,사고내용,사망자수,중상자수,경상자수,부상신고자수,사고유형,법규위반,노면상태,기상상태,도로형태,가해운전자 차종,가해운전자 성별,가해운전자 연령,가해운전자 상해정도,피해운전자 차종,피해운전자 성별,피해운전자 연령,피해운전자 상해정도
노선버스사고,2021012100100068,2021년 1월 21일 08시,목요일,부산광역시 강서구 지사동,경상사고,0,0,3,0,차대차 - 추돌,안전운전불이행,건조,맑음,단일로 - 기타,승합,남,61세,경상,화물,남,56세,상해없음
노선버스사고,2021012100100387,2021년 1월 21일 18시,목요일,부산광역시 동구 범일동,사망사고,1,0,0,0,차대사람 - 횡단중,안전운전불이행,젖음/습기,비,단일로 - 기타,승합,남,56세,상해없음,보행자,남,69세,사망
노선버스사고,2021012200100442,2021년 1월 22일 19시,금요일,부산광역시 금정구 금사동,부상신고사고,0,0,0,1,차대차 - 추돌,안전운전불이행,건조,맑음,단일로 - 기타,승합,남,60세,상해없음,화물,남,57세,상해없음
노선버스사고,2021012600100116,2021년 1월 26일 09시,화요일,부산광역시 북구 덕천동,경상사고,0,0,1,0,차대차 - 기타,안전운전불이행,젖음/습기,비,단일로 - 기타,승합,남,60세,상해없음,승용,여,65세,경상
노선버스사고,2021012600100559,2021년 1월 26일 23시,화요일,부산광역시 중구 부평동2가,경상사고,0,0,1,0,차대차 - 측면충돌,안전운전불이행,건조,맑음,교차로 - 교차로부근,승합,남,67세,상해없음,이륜,남,19세,경상
노선버스사고,2021012900100221,2021년 1월 29일 12시,금요일,부산광역시 부산진구 부전동,경상사고,0,0,1,0,차대사람 - 횡단중,안전운전불이행,건조,맑음,기타 - 기타,승합,남,58세,상해없음,보행자,남,19세,경상
노선버스사고,2021020300100023,2021년 2월 3일 06시,수요일,부산광역시 부산진구 전포동,중상사고,0,1,0,0,차대차 - 기타,직진우회전진행방해,건조,맑음,교차로 - 교차로안,승합,남,30세,상해없음,이륜,남,36세,중상
노선버스사고,2021020600100388,2021년 2월 6일 19시,토요일,부산광역시 기장군 기장읍,경상사고,0,0,1,0,차대차 - 기타,교차로운행방법위반,건조,맑음,교차로 - 교차로안,승합,남,69세,기타불명,승용,남,33세,경상
노선버스사고,2.02102E+15,2021년 2월 8일 12시,월요일,부산광역시 사하구 구평동,중상사고,0,1,0,0,차량단독 - 기타,안전운전불이행,건조,맑음,기타 - 기타,승합,남,67세,상해없음,,,,
노선버스사고,2021021000100085,2021년 2월 10일 08시,수요일,부산광역시 서구 암남동,중상사고,0,1,0,0,차량단독 - 기타,기타,건조,맑음,단일로 - 기타,승합,남,55세,상해없음,,,,
노선버스사고,2021021000100433,2021년 2월 10일 17시,수요일,부산광역시 부산진구 부전동,중상사고,0,1,1,0,차량단독 - 기타,안전거리미확보,건조,흐림,단일로 - 기타,승합,남,58세,상해없음,,,,
노선버스사고,2021021300100101,2021년 2월 13일 13시,토요일,부산광역시 동래구 명륜동,중상사고,0,1,0,0,차량단독 - 기타,안전운전불이행,건조,맑음,단일로 - 기타,승합,남,53세,상해없음,,,,
노선버스사고,2021021300100302,2021년 2월 13일 20시,토요일,부산광역시 사상구 학장동,중상사고,0,1,0,0,차대차 - 측면충돌,신호위반,건조,맑음,교차로 - 교차로안,승합,남,24세,상해없음,이륜,남,51세,중상
노선버스사고,2021021500100093,2021년 2월 15일 10시,월요일,부산광역시 해운대구 반여동,부상신고사고,0,0,0,2,차량단독 - 기타,안전운전불이행,건조,맑음,단일로 - 기타,승합,남,58세,상해없음,,,,
노선버스사고,2021021600100062,2021년 2월 16일 08시,화요일,부산광역시 북구 금곡동,중상사고,0,1,0,0,차량단독 - 기타,기타,건조,맑음,단일로 - 기타,승합,남,41세,상해없음,,,,
노선버스사고,2021021600100134,2021년 2월 16일 11시,화요일,부산광역시 북구 구포동,중상사고,0,1,0,0,차량단독 - 기타,기타,건조,맑음,단일로 - 기타,승합,남,55세,상해없음,,,,
노선버스사고,2021021900100292,2021년 2월 19일 14시,금요일,부산광역시 부산진구 부전동,경상사고,0,0,1,0,차대차 - 측면충돌,안전거리미확보,건조,맑음,단일로 - 기타,승합,남,56세,상해없음,승용,남,62세,상해없음
노선버스사고,2021022300100046,2021년 2월 23일 07시,화요일,부산광역시 북구 구포동,경상사고,0,0,1,0,차량단독 - 기타,기타,건조,맑음,단일로 - 기타,승합,남,62세,상해없음,,,,
노선버스사고,2021022300100068,2021년 2월 23일 08시,화요일,부산광역시 중구 남포동5가,중상사고,0,1,0,0,차량단독 - 기타,기타,건조,맑음,단일로 - 터널,승합,남,61세,상해없음,,,,
노선버스사고,2021022300100155,2021년 2월 23일 11시,화요일,부산광역시 부산진구 범천동,중상사고,0,1,0,0,차량단독 - 기타,안전운전불이행,건조,맑음,기타 - 기타,승합,남,63세,상해없음,,,,
노선버스사고,2.02102E+15,2021년 2월 24일 07시,수요일,부산광역시 동래구 낙민동,중상사고,0,1,0,0,차대사람 - 기타,안전운전불이행,건조,맑음,단일로 - 기타,승합,남,60세,상해없음,보행자,여,64세,중상
노선버스사고,2021022400100292,2021년 2월 24일 16시,수요일,부산광역시 영도구 청학동,경상사고,0,0,1,0,차대차 - 기타,안전거리미확보,건조,맑음,교차로 - 교차로부근,승합,남,42세,상해없음,승용,남,71세,상해없음
노선버스사고,2021022500100084,2021년 2월 25일 08시,목요일,부산광역시 부산진구 범천동,경상사고,0,0,1,0,차량단독 - 기타,기타,건조,맑음,교차로 - 교차로안,승합,남,51세,상해없음,,,,
노선버스사고,2021022500100243,2021년 2월 25일 15시,목요일,부산광역시 강서구 명지동,중상사고,0,1,0,0,차대사람 - 길가장자리구역통행중,기타,건조,맑음,단일로 - 기타,승합,남,69세,상해없음,보행자,여,41세,중상
노선버스사고,2021022600100384,2021년 2월 26일 17시,금요일,부산광역시 사상구 주례동,중상사고,0,1,0,0,차량단독 - 기타,안전운전불이행,건조,맑음,교차로 - 교차로부근,승합,남,28세,상해없음,,,,
노선버스사고,2021022800100172,2021년 2월 28일 14시,일요일,부산광역시 영도구 청학동,중상사고,0,1,0,0,차량단독 - 기타,안전운전불이행,건조,맑음,단일로 - 기타,승합,남,47세,상해없음,,,,
노선버스사고,2021030400100425,2021년 3월 4일 20시,목요일,부산광역시 사상구 모라동,부상신고사고,0,0,0,1,차대사람 - 기타,안전운전불이행,건조,맑음,교차로 - 교차로부근,승합,남,42세,상해없음,보행자,남,42세,부상신고
노선버스사고,2021030500100422,2021년 3월 5일 18시,금요일,부산광역시 해운대구 우동,경상사고,0,0,2,0,차대차 - 측면충돌,신호위반,건조,맑음,교차로 - 교차로안,승합,남,68세,상해없음,승용,남,26세,경상
노선버스사고,2021030500100423,2021년 3월 5일 18시,금요일,부산광역시 해운대구 우동,경상사고,0,0,1,0,차대차 - 측면충돌,안전운전불이행,건조,맑음,교차로 - 교차로부근,승합,남,54세,상해없음,승용,남,33세,경상
노선버스사고,2021030600100258,2021년 3월 6일 15시,토요일,부산광역시 부산진구 범천동,중상사고,0,2,0,0,차대차 - 추돌,신호위반,건조,맑음,교차로 - 교차로안,승합,남,40세,상해없음,이륜,남,46세,중상
노선버스사고,2021030700100293,2021년 3월 7일 19시,일요일,부산광역시 영도구 영선동4가,경상사고,0,0,2,0,차대차 - 측면충돌,직진우회전진행방해,건조,맑음,교차로 - 교차로안,승합,남,59세,상해없음,이륜,남,29세,경상
노선버스사고,2021030800100282,2021년 3월 8일 14시,월요일,부산광역시 남구 문현동,경상사고,0,0,1,0,차대차 - 추돌,안전운전불이행,건조,맑음,교차로 - 교차로부근,승합,남,53세,상해없음,승용,남,53세,경상
노선버스사고,2021030900100031,2021년 3월 9일 06시,화요일,부산광역시 해운대구 반여동,중상사고,0,1,0,0,차량단독 - 기타,안전운전불이행,건조,맑음,교차로 - 교차로안,승합,남,52세,상해없음,,,,
노선버스사고,2.02103E+15,2021년 3월 9일 17시,화요일,부산광역시 금정구 구서동,중상사고,0,1,2,0,차대사람 - 기타,안전운전불이행,건조,맑음,단일로 - 기타,승합,남,56세,상해없음,보행자,여,55세,중상
노선버스사고,2021031000100427,2021년 3월 10일 18시,수요일,부산광역시 수영구 망미동,중상사고,0,1,0,0,차대차 - 추돌,교차로운행방법위반,건조,맑음,교차로 - 교차로부근,승합,남,60세,상해없음,이륜,남,46세,중상
노선버스사고,2021031200100206,2021년 3월 12일 13시,금요일,부산광역시 동래구 명륜동,중상사고,0,1,0,0,차량단독 - 기타,신호위반,건조,맑음,단일로 - 기타,승합,남,41세,상해없음,,,,
노선버스사고,2021031200100443,2021년 3월 12일 19시,금요일,부산광역시 수영구 민락동,중상사고,0,1,0,0,차량단독 - 기타,기타,건조,맑음,단일로 - 기타,승합,남,57세,상해없음,,,,
노선버스사고,2021031200100446,2021년 3월 12일 19시,금요일,부산광역시 수영구 망미동,중상사고,0,1,0,0,차대사람 - 기타,안전운전불이행,건조,맑음,단일로 - 기타,승합,남,59세,상해없음,보행자,남,18세,중상
노선버스사고,2021031600100095,2021년 3월 16일 08시,화요일,부산광역시 금정구 금사동,경상사고,0,0,1,0,차대사람 - 기타,기타,건조,맑음,단일로 - 기타,승합,남,57세,상해없음,보행자,여,60세,경상
노선버스사고,2021031600100096,2021년 3월 16일 08시,화요일,부산광역시 사하구 당리동,부상신고사고,0,0,0,1,차대사람 - 기타,기타,건조,맑음,단일로 - 기타,승합,남,59세,상해없음,보행자,여,16세,부상신고
노선버스사고,2021031600100167,2021년 3월 16일 10시,화요일,부산광역시 동구 범일동,경상사고,0,0,1,0,차량단독 - 기타,안전운전불이행,건조,맑음,단일로 - 기타,승합,남,51세,상해없음,,,,
노선버스사고,2021031900100201,2021년 3월 19일 12시,금요일,부산광역시 북구 화명동,경상사고,0,0,1,0,차대차 - 기타,중앙선침범,건조,맑음,단일로 - 기타,승합,남,67세,상해없음,승용,남,29세,경상
노선버스사고,2021032400100458,2021년 3월 24일 19시,수요일,부산광역시 남구 대연동,중상사고,0,1,0,0,차대차 - 측면충돌,안전운전불이행,건조,맑음,단일로 - 기타,승합,남,58세,상해없음,개인형이동수단(PM),남,32세,중상
노선버스사고,2021032600100123,2021년 3월 26일 09시,금요일,부산광역시 수영구 광안동,경상사고,0,0,1,0,차량단독 - 기타,기타,건조,맑음,단일로 - 기타,승합,남,50세,상해없음,,,,
노선버스사고,2021032600100281,2021년 3월 26일 14시,금요일,부산광역시 부산진구 전포동,중상사고,0,1,0,0,차대사람 - 기타,안전운전불이행,건조,맑음,단일로 - 기타,승합,남,54세,상해없음,보행자,여,80세,중상
노선버스사고,2021032900100545,2021년 3월 29일 21시,월요일,부산광역시 사상구 학장동,경상사고,0,0,1,0,차대사람 - 횡단중,신호위반,건조,맑음,교차로 - 교차로부근,승합,남,54세,상해없음,보행자,여,38세,경상
노선버스사고,2021040200100051,2021년 4월 2일 07시,금요일,부산광역시 동래구 온천동,경상사고,0,0,1,0,차대차 - 측면충돌,안전거리미확보,건조,맑음,단일로 - 기타,승합,남,40세,상해없음,화물,남,36세,경상
노선버스사고,2021040300100405,2021년 4월 3일 18시,토요일,부산광역시 부산진구 양정동,중상사고,0,1,0,0,차량단독 - 기타,안전운전불이행,젖음/습기,비,기타 - 기타,승합,남,53세,상해없음,,,,
노선버스사고,2021040400100213,2021년 4월 4일 15시,일요일,부산광역시 부산진구 전포동,경상사고,0,0,3,0,차대차 - 추돌,안전운전불이행,건조,맑음,교차로 - 교차로부근,승합,남,40세,상해없음,승용,남,41세,경상
노선버스사고,2021040500100271,2021년 4월 5일 13시,월요일,부산광역시 영도구 동삼동,중상사고,0,1,0,0,차대사람 - 횡단중,안전운전불이행,건조,맑음,단일로 - 기타,승합,남,41세,상해없음,보행자,남,50세,중상
노선버스사고,2021040500100541,2021년 4월 5일 19시,월요일,부산광역시 부산진구 가야동,경상사고,0,0,1,0,차량단독 - 기타,기타,건조,맑음,단일로 - 기타,승합,남,43세,기타불명,,,,
노선버스사고,2021040600100195,2021년 4월 6일 12시,화요일,부산광역시 금정구 서동,중상사고,0,1,0,0,차대사람 - 기타,안전운전불이행,건조,맑음,교차로 - 교차로안,승합,남,49세,상해없음,보행자,남,65세,중상
노선버스사고,2021040600100229,2021년 4월 6일 13시,화요일,부산광역시 서구 서대신동2가,경상사고,0,0,1,0,차량단독 - 기타,안전운전불이행,건조,맑음,단일로 - 기타,승합,남,38세,상해없음,,,,
노선버스사고,2021040900100293,2021년 4월 9일 14시,금요일,부산광역시 해운대구 중동,경상사고,0,0,1,0,차량단독 - 기타,안전운전불이행,건조,맑음,단일로 - 기타,승합,남,69세,상해없음,,,,
노선버스사고,2021041500100139,2021년 4월 15일 10시,목요일,부산광역시 사하구 장림동,중상사고,0,1,0,0,차량단독 - 기타,안전운전불이행,건조,맑음,단일로 - 지하차도(도로)내,승합,남,51세,상해없음,,,,
노선버스사고,2021041500100237,2021년 4월 15일 13시,목요일,부산광역시 남구 대연동,경상사고,0,0,2,1,차대차 - 추돌,안전거리미확보,건조,맑음,단일로 - 기타,승합,남,60세,상해없음,화물,남,25세,경상
노선버스사고,2021041700100481,2021년 4월 17일 19시,토요일,부산광역시 동래구 명장동,경상사고,0,0,1,0,차대사람 - 기타,교차로운행방법위반,건조,맑음,교차로 - 교차로안,승합,남,52세,상해없음,보행자,여,47세,경상
노선버스사고,2021042000100227,2021년 4월 20일 12시,화요일,부산광역시 사하구 장림동,경상사고,0,0,1,0,차량단독 - 기타,안전운전불이행,건조,맑음,단일로 - 기타,승합,남,55세,상해없음,,,,
노선버스사고,2021042000100463,2021년 4월 20일 18시,화요일,부산광역시 해운대구 반여동,경상사고,0,0,1,0,차대차 - 기타,안전운전불이행,건조,맑음,교차로 - 교차로부근,승합,남,31세,기타불명,승용,남,22세,경상
노선버스사고,2021042000100566,2021년 4월 20일 21시,화요일,부산광역시 중구 중앙동7가,경상사고,0,0,1,0,차대차 - 측면충돌,차로위반,건조,맑음,교차로 - 교차로부근,승합,남,55세,상해없음,승용,여,22세,경상
노선버스사고,2021042300100513,2021년 4월 23일 19시,금요일,부산광역시 영도구 동삼동,경상사고,0,0,1,0,차대사람 - 기타,기타,건조,맑음,단일로 - 기타,승합,남,57세,상해없음,보행자,여,69세,경상
노선버스사고,2021042400100314,2021년 4월 24일 15시,토요일,부산광역시 영도구 동삼동,경상사고,0,0,1,0,차대차 - 기타,안전운전불이행,건조,맑음,단일로 - 기타,승합,남,48세,상해없음,이륜,남,25세,경상
노선버스사고,2021042600100567,2021년 4월 26일 21시,월요일,부산광역시 중구 중앙동6가,경상사고,0,0,1,0,차량단독 - 기타,기타,건조,맑음,단일로 - 기타,승합,남,49세,상해없음,,,,
노선버스사고,2021042700100042,2021년 4월 27일 07시,화요일,부산광역시 사상구 엄궁동,경상사고,0,0,1,0,차량단독 - 기타,안전운전불이행,건조,맑음,기타 - 기타,승합,남,60세,상해없음,,,,
노선버스사고,2021042800100154,2021년 4월 28일 10시,수요일,부산광역시 영도구 청학동,중상사고,0,1,0,0,차대차 - 기타,신호위반,건조,맑음,교차로 - 교차로안,승합,남,58세,상해없음,자전거,남,77세,중상
노선버스사고,2021042800100402,2021년 4월 28일 18시,수요일,부산광역시 동래구 사직동,부상신고사고,0,0,0,1,차대차 - 기타,안전운전불이행,건조,맑음,교차로 - 교차로부근,승합,남,53세,기타불명,승용,남,33세,상해없음
노선버스사고,2021042800100476,2021년 4월 28일 20시,수요일,부산광역시 사상구 모라동,중상사고,0,11,15,0,차량단독 - 공작물충돌,기타,건조,맑음,단일로 - 기타,승합,남,59세,상해없음,,,,
노선버스사고,2021042900100557,2021년 4월 29일 21시,목요일,부산광역시 사상구 덕포동,경상사고,0,0,1,0,차량단독 - 기타,안전운전불이행,건조,맑음,단일로 - 기타,승합,남,62세,상해없음,,,,
노선버스사고,2.02104E+15,2021년 4월 30일 20시,금요일,부산광역시 해운대구 우동,중상사고,0,2,1,0,차대사람 - 횡단중,보행자보호의무위반,건조,맑음,교차로 - 교차로횡단보도내,승합,남,54세,상해없음,보행자,여,34세,중상
노선버스사고,2021050100100425,2021년 5월 1일 19시,토요일,부산광역시 영도구 남항동2가,경상사고,0,0,1,0,차대차 - 기타,안전운전불이행,건조,맑음,단일로 - 기타,승합,남,63세,상해없음,이륜,남,42세,경상
노선버스사고,2021050300100195,2021년 5월 3일 11시,월요일,부산광역시 부산진구 당감동,중상사고,0,1,0,0,차대사람 - 보도통행중,보행자보호의무위반,건조,맑음,교차로 - 교차로횡단보도내,승합,남,60세,상해없음,보행자,남,33세,중상
노선버스사고,2021050300100328,2021년 5월 3일 14시,월요일,부산광역시 사상구 덕포동,경상사고,0,0,1,0,차대사람 - 기타,안전운전불이행,건조,맑음,단일로 - 기타,승합,남,63세,기타불명,보행자,여,64세,경상
노선버스사고,2021050400100282,2021년 5월 4일 15시,화요일,부산광역시 부산진구 개금동,경상사고,0,0,1,0,차량단독 - 기타,기타,건조,흐림,기타 - 기타,승합,남,57세,상해없음,,,,
노선버스사고,2021050500100342,2021년 5월 5일 16시,수요일,부산광역시 해운대구 좌동,경상사고,0,0,1,0,차대차 - 측면충돌,교차로운행방법위반,건조,맑음,교차로 - 교차로안,승합,남,62세,상해없음,승용,남,27세,경상
노선버스사고,2021050600100139,2021년 5월 6일 10시,목요일,부산광역시 연제구 거제동,중상사고,0,1,0,0,차대사람 - 기타,기타,건조,맑음,단일로 - 기타,승합,남,59세,상해없음,보행자,여,71세,중상
노선버스사고,2021050600100459,2021년 5월 6일 19시,목요일,부산광역시 연제구 연산동,경상사고,0,0,1,0,차대차 - 기타,안전운전불이행,건조,맑음,단일로 - 기타,승합,남,53세,상해없음,승용,남,54세,경상
노선버스사고,2021051100100066,2021년 5월 11일 07시,화요일,부산광역시 해운대구 우동,경상사고,0,0,1,0,차량단독 - 기타,안전운전불이행,건조,맑음,단일로 - 기타,승합,남,58세,상해없음,,,,
노선버스사고,2021051100100181,2021년 5월 11일 10시,화요일,부산광역시 수영구 광안동,경상사고,0,0,1,0,차대차 - 기타,안전거리미확보,건조,맑음,단일로 - 기타,승합,남,43세,상해없음,화물,남,53세,상해없음
노선버스사고,2021051100100602,2021년 5월 11일 21시,화요일,부산광역시 남구 용호동,중상사고,0,1,0,0,차대사람 - 기타,안전운전불이행,건조,맑음,교차로 - 교차로안,승합,남,67세,상해없음,보행자,남,75세,중상
노선버스사고,2021051400100402,2021년 5월 14일 16시,금요일,부산광역시 서구 서대신동1가,경상사고,0,0,1,0,차량단독 - 기타,안전운전불이행,건조,맑음,단일로 - 기타,승합,남,29세,상해없음,,,,
노선버스사고,2.02105E+15,2021년 5월 15일 11시,토요일,부산광역시 강서구 송정동,경상사고,0,0,1,0,차대차 - 추돌,안전운전불이행,젖음/습기,비,교차로 - 교차로부근,승합,남,52세,상해없음,승용,여,41세,경상
노선버스사고,2021051600100363,2021년 5월 16일 20시,일요일,부산광역시 남구 감만동,중상사고,0,1,0,0,차대차 - 기타,안전거리미확보,젖음/습기,비,단일로 - 기타,승합,남,58세,상해없음,이륜,남,42세,중상
노선버스사고,2021051700100039,2021년 5월 17일 06시,월요일,부산광역시 사상구 덕포동,중상사고,0,1,3,0,차대차 - 정면충돌,교차로운행방법위반,건조,맑음,교차로 - 교차로안,승합,남,47세,상해없음,승용,여,49세,중상
노선버스사고,2021051900100197,2021년 5월 19일 12시,수요일,부산광역시 부산진구 부전동,경상사고,0,0,1,0,차량단독 - 공작물충돌,기타,건조,맑음,단일로 - 기타,승합,남,58세,상해없음,,,,
노선버스사고,2021051900100377,2021년 5월 19일 17시,수요일,부산광역시 금정구 부곡동,경상사고,0,0,1,0,차량단독 - 기타,안전운전불이행,건조,맑음,교차로 - 교차로안,승합,남,62세,상해없음,,,,
노선버스사고,2021052300100002,2021년 5월 23일 00시,일요일,부산광역시 부산진구 부전동,중상사고,0,1,1,0,차대차 - 측면충돌,신호위반,건조,맑음,교차로 - 교차로안,승합,남,58세,상해없음,승용,여,40세,경상
노선버스사고,2021052500100193,2021년 5월 25일 11시,화요일,부산광역시 동래구 사직동,경상사고,0,0,1,0,차량단독 - 기타,안전운전불이행,건조,맑음,단일로 - 기타,승합,남,63세,상해없음,,,,
노선버스사고,2.02105E+15,2021년 5월 25일 14시,화요일,부산광역시 동구 범일동,경상사고,0,0,1,0,차량단독 - 기타,안전운전불이행,건조,맑음,단일로 - 기타,승합,남,41세,상해없음,,,,
노선버스사고,2021060200100506,2021년 6월 2일 19시,수요일,부산광역시 동래구 낙민동,중상사고,0,1,0,0,차량단독 - 기타,안전운전불이행,건조,맑음,단일로 - 기타,승합,남,46세,상해없음,,,,
노선버스사고,2021060400100089,2021년 6월 4일 08시,금요일,부산광역시 강서구 신호동,경상사고,0,0,1,0,차대차 - 측면충돌,안전운전불이행,건조,맑음,교차로 - 교차로부근,승합,남,61세,상해없음,승용,여,63세,경상
노선버스사고,2021060400100296,2021년 6월 4일 14시,금요일,부산광역시 부산진구 초읍동,중상사고,0,1,0,0,차량단독 - 기타,기타,건조,맑음,단일로 - 기타,승합,남,59세,상해없음,,,,
노선버스사고,2021060400100346,2021년 6월 4일 15시,금요일,부산광역시 기장군 철마면,경상사고,0,0,1,0,차대차 - 기타,안전운전불이행,건조,맑음,단일로 - 기타,승합,남,57세,상해없음,자전거,여,60세,경상
노선버스사고,2021060400100504,2021년 6월 4일 18시,금요일,부산광역시 사상구 덕포동,경상사고,0,0,1,0,차량단독 - 기타,안전운전불이행,건조,맑음,단일로 - 기타,승합,남,43세,상해없음,,,,
노선버스사고,2021060400100552,2021년 6월 4일 19시,금요일,부산광역시 영도구 대교동2가,중상사고,0,1,0,0,차대사람 - 차도통행중,안전운전불이행,건조,맑음,단일로 - 기타,승합,남,47세,상해없음,보행자,남,60세,중상
노선버스사고,2021060500100165,2021년 6월 5일 11시,토요일,부산광역시 동구 수정동,경상사고,0,0,1,0,차량단독 - 기타,안전운전불이행,건조,맑음,단일로 - 기타,승합,여,61세,상해없음,,,,
노선버스사고,2021060500100218,2021년 6월 5일 12시,토요일,부산광역시 기장군 철마면,경상사고,0,0,6,0,차대차 - 추돌,안전운전불이행,건조,맑음,단일로 - 기타,승합,남,50세,상해없음,승용,남,69세,경상
노선버스사고,2021060900100166,2021년 6월 9일 11시,수요일,부산광역시 부산진구 부전동,경상사고,0,0,3,0,차대차 - 추돌,안전운전불이행,건조,맑음,단일로 - 기타,승합,남,31세,상해없음,승합,남,60세,상해없음
노선버스사고,2.02106E+15,2021년 6월 11일 21시,금요일,부산광역시 해운대구 중동,경상사고,0,0,1,0,차대사람 - 횡단중,안전운전불이행,젖음/습기,비,교차로 - 교차로부근,승합,남,58세,상해없음,보행자,남,49세,경상
노선버스사고,2021061300100196,2021년 6월 13일 14시,일요일,부산광역시 동래구 명장동,경상사고,0,0,2,0,차대사람 - 횡단중,보행자보호의무위반,건조,맑음,교차로 - 교차로안,승합,남,38세,기타불명,보행자,남,47세,경상
노선버스사고,2.02106E+15,2021년 6월 15일 12시,화요일,부산광역시 부산진구 부전동,중상사고,0,1,0,0,차량단독 - 기타,안전운전불이행,건조,맑음,단일로 - 기타,승합,남,24세,상해없음,,,,
노선버스사고,2021061600100454,2021년 6월 16일 18시,수요일,부산광역시 북구 구포동,경상사고,0,0,1,0,차대차 - 추돌,안전운전불이행,건조,맑음,단일로 - 기타,승합,남,48세,상해없음,승용,남,37세,경상
노선버스사고,2021061700100172,2021년 6월 17일 11시,목요일,부산광역시 금정구 장전동,중상사고,0,1,0,0,차대차 - 측면충돌,중앙선침범,건조,흐림,단일로 - 기타,승합,남,69세,상해없음,자전거,남,26세,중상
노선버스사고,2021061800100191,2021년 6월 18일 12시,금요일,부산광역시 동래구 명장동,경상사고,0,0,1,0,차량단독 - 기타,안전운전불이행,건조,맑음,단일로 - 기타,승합,남,51세,상해없음,,,,
노선버스사고,2021062100100198,2021년 6월 21일 11시,월요일,부산광역시 남구 대연동,경상사고,0,0,1,0,차대차 - 측면충돌,차로위반,건조,맑음,단일로 - 기타,승합,남,50세,상해없음,화물,남,63세,경상
노선버스사고,2021062200100187,2021년 6월 22일 11시,화요일,부산광역시 강서구 구랑동,중상사고,0,4,0,0,차량단독 - 공작물충돌,안전운전불이행,건조,맑음,교차로 - 교차로부근,승합,남,71세,상해없음,,,,
노선버스사고,2021062800100049,2021년 6월 28일 07시,월요일,부산광역시 부산진구 초읍동,중상사고,0,1,0,0,차량단독 - 기타,안전운전불이행,건조,맑음,단일로 - 기타,승합,남,46세,상해없음,,,,
노선버스사고,2021062800100124,2021년 6월 28일 09시,월요일,부산광역시 동래구 명장동,중상사고,0,9,4,0,차량단독 - 공작물충돌,안전운전불이행,건조,맑음,단일로 - 기타,승합,남,29세,상해없음,,,,
노선버스사고,2021062800100163,2021년 6월 28일 10시,월요일,부산광역시 영도구 봉래동5가,경상사고,0,0,1,0,차대차 - 측면충돌,안전운전불이행,건조,맑음,단일로 - 기타,승합,남,63세,상해없음,이륜,남,66세,경상
노선버스사고,2.02106E+15,2021년 6월 28일 16시,월요일,부산광역시 해운대구 우동,경상사고,0,0,1,0,차대차 - 기타,교차로운행방법위반,건조,맑음,교차로 - 교차로안,승합,남,44세,상해없음,승용,여,42세,경상
노선버스사고,2021062900100639,2021년 6월 29일 23시,화요일,부산광역시 연제구 거제동,경상사고,0,0,1,0,차량단독 - 기타,안전거리미확보,건조,맑음,단일로 - 기타,승합,남,52세,상해없음,,,,
노선버스사고,2021063000100158,2021년 6월 30일 10시,수요일,부산광역시 북구 덕천동,중상사고,0,1,0,0,차량단독 - 기타,기타,건조,맑음,교차로 - 교차로안,승합,남,59세,상해없음,,,,
노선버스사고,2021063000100222,2021년 6월 30일 12시,수요일,부산광역시 부산진구 양정동,경상사고,0,0,1,0,차량단독 - 기타,기타,건조,맑음,단일로 - 기타,승합,남,48세,상해없음,,,,
노선버스사고,2021063000100264,2021년 6월 30일 13시,수요일,부산광역시 북구 금곡동,중상사고,0,1,0,0,차량단독 - 기타,기타,건조,맑음,단일로 - 지하차도(도로)내,승합,남,60세,상해없음,,,,
노선버스사고,2021070100100024,2021년 7월 1일 05시,목요일,부산광역시 영도구 영선동1가,중상사고,0,1,0,0,차대사람 - 횡단중,보행자보호의무위반,건조,맑음,교차로 - 교차로안,승합,남,62세,상해없음,보행자,여,78세,중상
노선버스사고,2021070100100328,2021년 7월 1일 15시,목요일,부산광역시 해운대구 우동,경상사고,0,0,1,0,차대차 - 추돌,안전운전불이행,건조,맑음,교차로 - 교차로부근,승합,남,57세,상해없음,승합,남,53세,경상
노선버스사고,2021070100100366,2021년 7월 1일 16시,목요일,부산광역시 수영구 광안동,경상사고,0,0,1,0,차대차 - 기타,안전운전불이행,건조,맑음,단일로 - 기타,승합,남,53세,상해없음,승용,남,58세,상해없음
노선버스사고,2021070200100646,2021년 7월 2일 21시,금요일,부산광역시 북구 구포동,중상사고,0,1,0,0,차량단독 - 기타,안전운전불이행,건조,맑음,기타 - 기타,승합,남,60세,상해없음,,,,